<?xml version="1.0" encoding="UTF-8"?>
<metadata xml:lang="en"><Esri><CreaDate>20150616</CreaDate><CreaTime>12022400</CreaTime><ArcGISFormat>1.0</ArcGISFormat><SyncOnce>FALSE</SyncOnce><DataProperties><lineage><Process ToolSource="C:\Program Files\ArcGIS\Desktop10.0\ArcToolbox\Toolboxes\Data Management Tools.tbx\CalculateField" Date="20120109" Time="141256">CalculateField Correct_Communes_Poly_joinB Commune "ILE DE LA NAVASE" VB #</Process><Process Name="FeatureClassToFeatureClass_3" ToolSource="C:\Programmi\ArcGIS\ArcToolbox\Toolboxes\Conversion Tools.tbx\FeatureClassToFeatureClass" Date="20120625" Time="131148">FeatureClassToFeatureClass "\\Svaltec_nas\disco_1-2\001_ATTIVITA'\01_Territorio\________LAVORI IN CORSO\HAITI-2011\______LAVORO_GIUGNO_2012\CNIGS_THEMATIQUE\Nouveau dossier\DB_copie\Decoupage_territorial_21062012_Finalisée.mdb\Correction_Toplogy_Admin_end\Correct_Commune_Polygon_end" "C:\Documents and Settings\amministratore\Documenti\Haiti_2012\Backup\Copia_DB\Decoupage_territorial_finaliséé_CLEAN.mdb" Communes_poly # "OBJECTID OBJECTID true true false 4 Long 0 0 ,First,#,\\Svaltec_nas\disco_1-2\001_ATTIVITA'\01_Territorio\________LAVORI IN CORSO\HAITI-2011\______LAVORO_GIUGNO_2012\CNIGS_THEMATIQUE\Nouveau dossier\DB_copie\Decoupage_territorial_21062012_Finalisée.mdb\Correction_Toplogy_Admin_end\Correct_Commune_Polygon_end,OBJECTID,-1,-1;ID_Dep ID_Dep true true false 2 Short 0 0 ,First,#,\\Svaltec_nas\disco_1-2\001_ATTIVITA'\01_Territorio\________LAVORI IN CORSO\HAITI-2011\______LAVORO_GIUGNO_2012\CNIGS_THEMATIQUE\Nouveau dossier\DB_copie\Decoupage_territorial_21062012_Finalisée.mdb\Correction_Toplogy_Admin_end\Correct_Commune_Polygon_end,ID_Dep,-1,-1;id_com id_com true true false 2 Short 0 0 ,First,#,\\Svaltec_nas\disco_1-2\001_ATTIVITA'\01_Territorio\________LAVORI IN CORSO\HAITI-2011\______LAVORO_GIUGNO_2012\CNIGS_THEMATIQUE\Nouveau dossier\DB_copie\Decoupage_territorial_21062012_Finalisée.mdb\Correction_Toplogy_Admin_end\Correct_Commune_Polygon_end,id_com,-1,-1;Commune Commune true true false 30 Text 0 0 ,First,#,\\Svaltec_nas\disco_1-2\001_ATTIVITA'\01_Territorio\________LAVORI IN CORSO\HAITI-2011\______LAVORO_GIUGNO_2012\CNIGS_THEMATIQUE\Nouveau dossier\DB_copie\Decoupage_territorial_21062012_Finalisée.mdb\Correction_Toplogy_Admin_end\Correct_Commune_Polygon_end,Commune,-1,-1;Population Population true true false 4 Long 0 0 ,First,#,\\Svaltec_nas\disco_1-2\001_ATTIVITA'\01_Territorio\________LAVORI IN CORSO\HAITI-2011\______LAVORO_GIUGNO_2012\CNIGS_THEMATIQUE\Nouveau dossier\DB_copie\Decoupage_territorial_21062012_Finalisée.mdb\Correction_Toplogy_Admin_end\Correct_Commune_Polygon_end,Population,-1,-1;Shape_Length Shape_Length false true true 8 Double 0 0 ,First,#,\\Svaltec_nas\disco_1-2\001_ATTIVITA'\01_Territorio\________LAVORI IN CORSO\HAITI-2011\______LAVORO_GIUGNO_2012\CNIGS_THEMATIQUE\Nouveau dossier\DB_copie\Decoupage_territorial_21062012_Finalisée.mdb\Correction_Toplogy_Admin_end\Correct_Commune_Polygon_end,Shape_Length,-1,-1;Shape_Area Shape_Area false true true 8 Double 0 0 ,First,#,\\Svaltec_nas\disco_1-2\001_ATTIVITA'\01_Territorio\________LAVORI IN CORSO\HAITI-2011\______LAVORO_GIUGNO_2012\CNIGS_THEMATIQUE\Nouveau dossier\DB_copie\Decoupage_territorial_21062012_Finalisée.mdb\Correction_Toplogy_Admin_end\Correct_Commune_Polygon_end,Shape_Area,-1,-1" # "C:\Documents and Settings\amministratore\Documenti\Haiti_2012\Backup\Copia_DB\Decoupage_territorial_finaliséé_CLEAN.mdb\Communes_poly"</Process><Process ToolSource="c:\program files (x86)\arcgis\desktop10.1\ArcToolbox\Toolboxes\Data Management Tools.tbx\CalculateField" Date="20140903" Time="122303">CalculateField "Limite commune" Commune CROIX-DES-BOUQUETS VB #</Process><Process ToolSource="c:\program files (x86)\arcgis\desktop10.1\ArcToolbox\Toolboxes\Data Management Tools.tbx\CalculateField" Date="20140903" Time="122325">CalculateField "Limite commune" Commune "CROIX-DES-BOUQUETS" VB #</Process></lineage><itemProps><itemLocation><linkage Sync="TRUE">file://\\PRDR012SVNPD\C$\CNIGS_DATA\Data\Decoupage_territorial.mdb</linkage><protocol Sync="TRUE">Local Area Network</protocol></itemLocation></itemProps></DataProperties><SyncDate>20120625</SyncDate><SyncTime>13114700</SyncTime><ModDate>20120625</ModDate><ModTime>13114700</ModTime></Esri><idinfo><citation><citeinfo><onlink Sync="TRUE">\\PRDR011WXPPD\E$\Data\Them.gdb</onlink><origin>REQUIRED: The name of an organization or individual that developed the data set.</origin><pubdate>REQUIRED: The date when the data set is published or otherwise made available for release.</pubdate><title Sync="TRUE">Communes_poly</title><ftname Sync="TRUE">Communes_poly</ftname><geoform Sync="TRUE">vector digital data</geoform></citeinfo></citation><native Sync="TRUE">Microsoft Windows XP Version 5.1 (Build 2600) Service Pack 3; ESRI ArcCatalog 9.2.6.1500</native><descript><langdata Sync="TRUE">en</langdata><abstract>REQUIRED: A brief narrative summary of the data set.</abstract><purpose>REQUIRED: A summary of the intentions with which the data set was developed.</purpose></descript><timeperd><current>REQUIRED: The basis on which the time period of content information is determined.</current><timeinfo><sngdate><caldate>REQUIRED: The year (and optionally month, or month and day) for which the data set corresponds to the ground.</caldate></sngdate></timeinfo></timeperd><status><progress>REQUIRED: The state of the data set.</progress><update>REQUIRED: The frequency with which changes and additions are made to the data set after the initial data set is completed.</update></status><spdom><bounding><westbc Sync="TRUE">REQUIRED: Western-most coordinate of the limit of coverage expressed in longitude.</westbc><eastbc Sync="TRUE">REQUIRED: Eastern-most coordinate of the limit of coverage expressed in longitude.</eastbc><northbc Sync="TRUE">REQUIRED: Northern-most coordinate of the limit of coverage expressed in latitude.</northbc><southbc Sync="TRUE">REQUIRED: Southern-most coordinate of the limit of coverage expressed in latitude.</southbc></bounding></spdom><keywords><theme><themekt>REQUIRED: Reference to a formally registered thesaurus or a similar authoritative source of theme keywords.</themekt><themekey>REQUIRED: Common-use word or phrase used to describe the subject of the data set.</themekey></theme></keywords><accconst>REQUIRED: Restrictions and legal prerequisites for accessing the data set.</accconst><useconst>REQUIRED: Restrictions and legal prerequisites for using the data set after access is granted.</useconst><natvform Sync="TRUE">Personal GeoDatabase Feature Class</natvform></idinfo><distInfo><distributor><distorTran><onLineSrc><linkage Sync="TRUE">file://\\PRDR011WXPPD\E$\Data\Them.gdb</linkage><protocol Sync="TRUE">Local Area Network</protocol><orDesc Sync="TRUE">002</orDesc></onLineSrc></distorTran><distorFormat><formatName Sync="TRUE">Personal GeoDatabase Feature Class</formatName></distorFormat></distributor></distInfo><dataqual><lineage><procstep><procdesc Sync="TRUE">Dataset copied.</procdesc><srcused Sync="TRUE">\\PRDR012SVNPD\C$\CNIGS_DATA\Data\Decoupage_territorial.mdb</srcused><procdate Sync="TRUE">20120412</procdate><proctime Sync="TRUE">16302400</proctime></procstep><procstep><procdesc Sync="TRUE">Dataset copied.</procdesc><srcused Sync="TRUE">\\Svaltec_nas\disco_1-2\001_ATTIVITA'\01_Territorio\________LAVORI IN CORSO\HAITI-2011\______LAVORO_GIUGNO_2012\CNIGS_THEMATIQUE\Dossier_ADMIN\Decoupage_territorial_CLEAN.mdb</srcused><date Sync="TRUE">20120704</date><time Sync="TRUE">17195400</time></procstep><procstep><procdesc Sync="TRUE">Dataset copied.</procdesc><srcused Sync="TRUE">\\PRDR011WXPPD\E$\Data\MISSION_juilllet_2012\DB_FINAL\Theme2_CORRECT.mdb</srcused><procdate Sync="TRUE">20130225</procdate><proctime Sync="TRUE">11121200</proctime></procstep></lineage></dataqual><dataIdInfo><envirDesc Sync="TRUE">Microsoft Windows XP Version 5.1 (Build 2600) Service Pack 3; ESRI ArcCatalog 9.2.6.1500</envirDesc><dataLang><languageCode Sync="TRUE" value="en"></languageCode></dataLang><idCitation><resTitle Sync="TRUE">Communes_poly</resTitle><presForm><PresFormCd Sync="TRUE" value="005"></PresFormCd></presForm></idCitation><spatRpType><SpatRepTypCd Sync="TRUE" value="001"></SpatRepTypCd></spatRpType></dataIdInfo><metainfo><langmeta Sync="TRUE">en</langmeta><metstdn Sync="TRUE">FGDC Content Standards for Digital Geospatial Metadata</metstdn><metstdv Sync="TRUE">FGDC-STD-001-1998</metstdv><mettc Sync="TRUE">local time</mettc><metextns><onlink Sync="TRUE">http://www.esri.com/metadata/esriprof80.html</onlink><metprof Sync="TRUE">ESRI Metadata Profile</metprof></metextns><metc><cntinfo><cntorgp><cntper>REQUIRED: The person responsible for the metadata information.</cntper><cntorg>REQUIRED: The organization responsible for the metadata information.</cntorg></cntorgp><cntaddr><addrtype>REQUIRED: The mailing and/or physical address for the organization or individual.</addrtype><city>REQUIRED: The city of the address.</city><state>REQUIRED: The state or province of the address.</state><postal>REQUIRED: The ZIP or other postal code of the address.</postal></cntaddr><cntvoice>REQUIRED: The telephone number by which individuals can speak to the organization or individual.</cntvoice></cntinfo></metc><metd Sync="TRUE">20120625</metd></metainfo><mdLang><languageCode Sync="TRUE" value="en"></languageCode></mdLang><mdStanName Sync="TRUE">ISO 19115 Geographic Information - Metadata</mdStanName><mdStanVer Sync="TRUE">DIS_ESRI1.0</mdStanVer><mdChar><CharSetCd Sync="TRUE" value="004"></CharSetCd></mdChar><mdHrLv><ScopeCd Sync="TRUE" value="005"></ScopeCd></mdHrLv><mdHrLvName Sync="TRUE">dataset</mdHrLvName><distinfo><resdesc Sync="TRUE">Downloadable Data</resdesc></distinfo><spdoinfo><direct Sync="TRUE">Vector</direct><ptvctinf><esriterm Name="Communes_poly"><efeatyp Sync="TRUE">Simple</efeatyp><efeageom Sync="TRUE">Polygon</efeageom><esritopo Sync="TRUE">FALSE</esritopo><efeacnt Sync="TRUE">0</efeacnt><spindex Sync="TRUE">TRUE</spindex><linrefer Sync="TRUE">FALSE</linrefer></esriterm><sdtsterm Name="Communes_poly"><sdtstype Sync="TRUE">G-polygon</sdtstype><ptvctcnt Sync="TRUE">0</ptvctcnt></sdtsterm></ptvctinf></spdoinfo><spref><horizsys><cordsysn><geogcsn Sync="TRUE">GCS_WGS_1984</geogcsn><projcsn Sync="TRUE">WGS_1984_UTM_Zone_18N</projcsn></cordsysn><planar><gridsys><gridsysn Sync="TRUE">Universal Transverse Mercator</gridsysn><utm><utmzone Sync="TRUE">18</utmzone><transmer><sfctrmer Sync="TRUE">0.999600</sfctrmer><longcm Sync="TRUE">-75.000000</longcm><latprjo Sync="TRUE">0.000000</latprjo><feast Sync="TRUE">500000.000000</feast><fnorth Sync="TRUE">0.000000</fnorth></transmer></utm></gridsys><planci><plance Sync="TRUE">coordinate pair</plance><plandu Sync="TRUE">meters</plandu><coordrep><absres Sync="TRUE">0.000100</absres><ordres Sync="TRUE">0.000100</ordres></coordrep></planci></planar><geodetic><horizdn Sync="TRUE">D_WGS_1984</horizdn><ellips Sync="TRUE">WGS_1984</ellips><semiaxis Sync="TRUE">6378137.000000</semiaxis><denflat Sync="TRUE">298.257224</denflat></geodetic></horizsys><vertdef><altsys><altenc Sync="TRUE">Explicit elevation coordinate included with horizontal coordinates</altenc><altres Sync="TRUE">0.000100</altres></altsys></vertdef></spref><refSysInfo><RefSystem><refSysID><identCode Sync="TRUE">WGS_1984_UTM_Zone_18N</identCode></refSysID></RefSystem></refSysInfo><spatRepInfo><VectSpatRep><topLvl><TopoLevCd Sync="TRUE" value="001"></TopoLevCd></topLvl><geometObjs Name="Communes_poly"><geoObjTyp><GeoObjTypCd Sync="TRUE" value="001"></GeoObjTypCd></geoObjTyp><geoObjCnt Sync="TRUE">0</geoObjCnt></geometObjs></VectSpatRep></spatRepInfo><eainfo><detailed Name="Communes_poly"><enttyp><enttypl Sync="TRUE">Communes_poly</enttypl><enttypt Sync="TRUE">Feature Class</enttypt><enttypc Sync="TRUE">0</enttypc></enttyp><attr><attrlabl Sync="TRUE">OBJECTID_1</attrlabl><attalias Sync="TRUE">OBJECTID_1</attalias><attrtype Sync="TRUE">OID</attrtype><attwidth Sync="TRUE">4</attwidth><atprecis Sync="TRUE">0</atprecis><attscale Sync="TRUE">0</attscale><attrdef Sync="TRUE">Internal feature number.</attrdef><attrdefs Sync="TRUE">ESRI</attrdefs><attrdomv><udom Sync="TRUE">Sequential unique whole numbers that are automatically generated.</udom></attrdomv></attr><attr><attrlabl Sync="TRUE">Shape</attrlabl><attalias Sync="TRUE">Shape</attalias><attrtype Sync="TRUE">Geometry</attrtype><attwidth Sync="TRUE">0</attwidth><atprecis Sync="TRUE">0</atprecis><attscale Sync="TRUE">0</attscale><attrdef Sync="TRUE">Feature geometry.</attrdef><attrdefs Sync="TRUE">ESRI</attrdefs><attrdomv><udom Sync="TRUE">Coordinates defining the features.</udom></attrdomv></attr><attr><attrlabl Sync="TRUE">OBJECTID</attrlabl><attalias Sync="TRUE">OBJECTID</attalias><attrtype Sync="TRUE">Integer</attrtype><attwidth Sync="TRUE">4</attwidth><atprecis Sync="TRUE">0</atprecis><attscale Sync="TRUE">0</attscale></attr><attr><attrlabl Sync="TRUE">ID_Dep</attrlabl><attalias Sync="TRUE">ID_Dep</attalias><attrtype Sync="TRUE">SmallInteger</attrtype><attwidth Sync="TRUE">2</attwidth><atprecis Sync="TRUE">0</atprecis><attscale Sync="TRUE">0</attscale></attr><attr><attrlabl Sync="TRUE">id_com</attrlabl><attalias Sync="TRUE">id_com</attalias><attrtype Sync="TRUE">SmallInteger</attrtype><attwidth Sync="TRUE">2</attwidth><atprecis Sync="TRUE">0</atprecis><attscale Sync="TRUE">0</attscale></attr><attr><attrlabl Sync="TRUE">Commune</attrlabl><attalias Sync="TRUE">Commune</attalias><attrtype Sync="TRUE">String</attrtype><attwidth Sync="TRUE">30</attwidth><atprecis Sync="TRUE">0</atprecis><attscale Sync="TRUE">0</attscale></attr><attr><attrlabl Sync="TRUE">Population</attrlabl><attalias Sync="TRUE">Population</attalias><attrtype Sync="TRUE">Integer</attrtype><attwidth Sync="TRUE">4</attwidth><atprecis Sync="TRUE">0</atprecis><attscale Sync="TRUE">0</attscale></attr><attr><attrlabl Sync="TRUE">Shape_Length</attrlabl><attalias Sync="TRUE">Shape_Length</attalias><attrtype Sync="TRUE">Double</attrtype><attwidth Sync="TRUE">8</attwidth><atprecis Sync="TRUE">0</atprecis><attscale Sync="TRUE">0</attscale><attrdef Sync="TRUE">Length of feature in internal units.</attrdef><attrdefs Sync="TRUE">ESRI</attrdefs><attrdomv><udom Sync="TRUE">Positive real numbers that are automatically generated.</udom></attrdomv></attr><attr><attrlabl Sync="TRUE">Shape_Area</attrlabl><attalias Sync="TRUE">Shape_Area</attalias><attrtype Sync="TRUE">Double</attrtype><attwidth Sync="TRUE">8</attwidth><atprecis Sync="TRUE">0</atprecis><attscale Sync="TRUE">0</attscale><attrdef Sync="TRUE">Area of feature in internal units squared.</attrdef><attrdefs Sync="TRUE">ESRI</attrdefs><attrdomv><udom Sync="TRUE">Positive real numbers that are automatically generated.</udom></attrdomv></attr></detailed></eainfo><mdDateSt Sync="TRUE">20120625</mdDateSt></metadata>
